﻿<parameters>
  <parameter name="IIS Web Application Name" defaultValue="Default Web Site/Zengra" tags="IisApp">
    <parameterEntry kind="ProviderPath" scope="IisApp" match="^C:\\Users\\Samsung\\Documents\\GitHub\\Johna\\OffsetPrintingSupplies\\WebView\\obj\\Release\\Package\\PackageTmp$" />
    <parameterEntry kind="ProviderPath" scope="setAcl" match="^C:\\Users\\Samsung\\Documents\\GitHub\\Johna\\OffsetPrintingSupplies\\WebView\\obj\\Release\\Package\\PackageTmp$" />
  </parameter>
  <parameter name="DefaultConnection-Web.config Connection String" defaultValue="Data Source=.\sqlexpress;Initial Catalog=OffsetPrinting;Persist Security Info=True;User ID=sa;Password=zengra123">
    <parameterEntry kind="XmlFile" scope="C:\\Users\\Samsung\\Documents\\GitHub\\Johna\\OffsetPrintingSupplies\\WebView\\obj\\Release\\Package\\PackageTmp\\Web\.config$" match="/configuration/connectionStrings/add[@name='DefaultConnection']/@connectionString" />
  </parameter>
  <parameter name="OffsetPrinting-Web.config Connection String" defaultValue="Data Source=.\sqlexpress;Initial Catalog=OffsetPrinting;Persist Security Info=True;User ID=sa;Password=zengra123">
    <parameterEntry kind="XmlFile" scope="C:\\Users\\Samsung\\Documents\\GitHub\\Johna\\OffsetPrintingSupplies\\WebView\\obj\\Release\\Package\\PackageTmp\\Web\.config$" match="/configuration/connectionStrings/add[@name='OffsetPrinting']/@connectionString" />
  </parameter>
  <parameter name="OffsetPrinting_DatabasePublish-Web.config Connection String" description="OffsetPrinting Connection String used by Entity Framework Code First Model to deploy the database." defaultValue="Data Source=.\sqlexpress;Initial Catalog=OffsetPrinting;Persist Security Info=True;User ID=sa;Password=zengra123">
    <parameterEntry kind="XmlFile" scope="C:\\Users\\Samsung\\Documents\\GitHub\\Johna\\OffsetPrintingSupplies\\WebView\\obj\\Release\\Package\\PackageTmp\\Web\.config$" match="/configuration/connectionStrings/add[@name='OffsetPrinting_DatabasePublish']/@connectionString" />
  </parameter>
</parameters>